Country Name,Total confirmed cases,Total deceased,Total vaccinations,Deceased to Confirmed cases %,Rank,CCA3,Capital,Continent,2022 Population,2020 Population,2015 Population,2010 Population,2000 Population,1990 Population,1980 Population,1970 Population,Area (km²),Density (per km²),Growth Rate,World Population Percentage
Andorra,46147,155,57317,0.33588315600147356,203,AND,Andorra la Vella,Europe,79824,77700,71746,71519,66097,53569,35611,19860,468,170.5641,1.01,0.0
Azerbaijan,818634,9873,5373253,1.2060334655047311,91,AZE,Baku,Asia,10358074,10284951,9863480,9237202,8190337,7427836,6383060,5425317,86600,119.6082,1.0044,0.13
Central African Republic,14903,113,1454656,0.7582365966583909,117,CAF,Bangui,Africa,5579144,5343020,4819333,4660067,3759170,2809221,2415276,2067356,622984,8.9555,1.0224,0.07
Ivory Coast,86973,822,10721755,0.9451208995895278,52,CIV,Yamoussoukro,Africa,28160542,26811790,23596741,21120042,16799670,11910540,8303809,5477086,322463,87.3295,1.0248,0.35
Costa Rica,1105792,8913,4463581,0.8060286202106726,124,CRI,San José,North America,5180829,5123105,4895242,4622252,3979193,3158253,2414303,1855697,51100,101.3861,1.0052,0.06
Gibraltar,20069,108,41654,0.538143405251881,219,GIB,Gibraltar,Europe,32649,32709,32520,31262,27741,27317,28734,26685,6,5441.5,0.9994,0.0
Ireland,1660635,7901,4095768,0.4757818545315497,125,IRL,Dublin,Europe,5023109,4946119,4665760,4524585,3768950,3485374,3391387,2937637,70273,71.4799,1.0073,0.06
Saint Lucia,28959,393,59973,1.3570910597741634,190,LCA,Castries,North America,179857,179237,175623,170935,159500,142301,121633,103090,616,291.9756,1.0011,0.0
Morocco,1264711,16276,22638416,1.2869343272890013,40,MAR,Rabat,Africa,37457971,36688772,34680458,32464865,28554415,24570814,19678444,15274351,446550,83.883,1.0103,0.47
Monaco,14471,63,20426,0.4353534655517932,217,MCO,Monaco,Europe,36469,36922,36760,33178,32465,30329,27076,24270,2,18234.5,0.9941,0.0
Mauritius,260947,1024,1021934,0.3924168509314152,157,MUS,Port Louis,Africa,1299469,1297828,1293153,1283330,1215930,1090290,954865,830115,2040,636.9946,1.0004,0.02
Nigeria,264617,3154,43817495,1.1919113284482856,6,NGA,Abuja,Africa,218541212,208327405,183995785,160952853,122851984,95214257,72951439,55569264,923768,236.5759,1.0241,2.74
Papua New Guinea,44931,664,347753,1.4778215485967372,93,PNG,Port Moresby,Oceania,10142619,9749640,8682174,7583269,5508297,3864972,3104788,2489059,462840,21.9139,1.0194,0.13
Seychelles,46358,169,85397,0.3645541222658441,196,SYC,Victoria,Africa,107118,105530,99240,92409,80060,71057,65290,54379,452,236.9867,1.0061,0.0
Somalia,27197,1361,3668114,5.00422840754495,70,SOM,Mogadishu,Africa,17597511,16537016,13763906,12026649,8721465,6999096,5892224,3720977,637657,27.5971,1.0312,0.22
Suriname,81078,1384,267820,1.7069981992649055,170,SUR,Paramaribo,South America,618040,607065,575475,546080,478998,412756,375112,379918,163820,3.7727,1.0082,0.01
Turks and Caicos Islands,6380,36,32338,0.5642633228840125,212,TCA,Cockburn Town,North America,45703,44276,36538,29726,18744,11709,7598,5665,948,48.2099,1.0131,0.0
Tunisia,1145163,29243,8896848,2.5536102720748053,79,TUN,Tunis,Africa,12356117,12161723,11557779,10895063,9893316,8440023,6578156,5047404,163610,75.5218,1.0076,0.15
Germany,57763003,389150,115681002,0.6737011231912579,19,DEU,Berlin,Europe,83369843,83328988,82073226,81325090,81551677,79370196,77786703,78294583,357114,233.4544,0.9995,1.05
France,90395908,320054,158477834,0.3540580620087361,23,FRA,Paris,Europe,64626628,64480053,63809769,62444567,58665453,56412897,53713830,50523586,551695,117.1419,1.0015,0.81
Thailand,9342446,65182,56972124,0.6976973696181921,20,THA,Bangkok,Asia,71697030,71475664,70294397,68270489,63066603,55228410,45737753,35791728,513120,139.7276,1.0013,0.9
Armenia,439302,8669,1129104,1.9733577356806935,140,ARM,Yerevan,Asia,2780469,2805608,2878595,2946293,3168523,3556539,3135123,2534377,29743,93.4831,0.9962,0.03
Bahrain,674909,1518,1201437,0.22491921133071274,154,BHR,Manama,Asia,1472233,1477469,1362142,1213645,711442,517418,362595,222555,765,1924.4876,1.0061,0.02
Brunei,224610,130,449429,0.05787809981746138,175,BRN,Bandar Seri Begawan,Asia,449002,441725,421437,396053,333926,261928,187921,133343,5765,77.8841,1.0081,0.01
Bahamas,37171,830,172588,2.232923515643916,176,BHS,Nassau,North America,409984,406471,392697,373272,325014,270679,223752,179129,13943,29.4043,1.0051,0.01
Belize,68612,680,250319,0.9910802775024777,177,BLZ,Belmopan,North America,405272,394921,359871,322106,240406,182589,145133,120905,22966,17.6466,1.0131,0.01
Republic of the Congo,24775,386,681463,1.5580221997981836,114,COG,Brazzaville,Africa,5970424,5702174,5064386,4437884,3134030,2385435,1829256,1396989,342000,17.4574,1.0231,0.07
China,7758224,32624,680773000,0.4205086112491725,1,CHN,Beijing,Asia,1425887337,1424929781,1393715448,1348191368,1264099069,1153704252,982372466,822534450,9706961,146.8933,1.0,17.88
Dominica,14852,68,32872,0.45785079450579047,204,DMA,Roseau,North America,72737,71995,70007,68755,68346,69481,72978,68895,751,96.8535,1.0045,0.0
Ecuador,999837,35884,15237316,3.5889850045557425,67,ECU,Quito,South America,18001000,17588595,16195902,14989585,12626507,10449837,8135845,6172215,276841,65.0229,1.0114,0.23
Faroe Islands,34658,28,37722,0.08078942812626233,209,FRO,Tórshavn,Europe,53090,52415,48816,48410,45660,47479,43054,38416,1393,38.112,1.0038,0.0
Gabon,48668,306,310170,0.6287498972630887,146,GAB,Libreville,Africa,2388992,2292573,2028517,1711105,1272935,983028,749078,597192,267668,8.9252,1.0204,0.03
Georgia,1762206,16900,1645776,0.9590252217958627,131,GEO,Tbilisi,Asia,3744385,3765912,3771132,3836831,4265172,5391636,5145843,4800426,69700,53.7214,0.9964,0.05
Ghana,168616,1459,11371567,0.86527968876026,47,GHA,Accra,Africa,33475870,32180401,28870939,25574719,19665502,15446982,11865246,8861895,238533,140.3406,1.0196,0.42
Guinea,37652,449,5093664,1.1924997344098587,75,GIN,Conakry,Africa,13859341,13205153,11625998,10270728,8336967,6354145,4972609,4222374,245857,56.3716,1.0242,0.17
Jamaica,150909,3286,830330,2.1774711912477054,139,JAM,Kingston,North America,2827377,2820436,2794445,2733896,2612205,2392030,2135546,1859091,10991,257.2447,0.9999,0.04
Jordan,1742256,14114,4821579,0.8100990899156036,83,JOR,Amman,Asia,11285869,10928721,9494246,6931258,5056174,3480587,2216903,1557374,89342,126.3221,1.0123,0.14
Lebanon,1213200,10650,2648351,0.8778437190900099,119,LBN,Beirut,Asia,5489739,5662923,6398940,4995800,4320642,3593700,2963702,2381791,10452,525.2334,0.9816,0.07
Montserrat,1326,8,2086,0.6033182503770739,230,MSR,Brades,North America,4390,4500,5059,4938,5138,10805,11452,11402,102,43.0392,0.9939,0.0
Palau,5459,6,20165,0.1099102399706906,222,PLW,Ngerulmud,Oceania,18055,17972,17794,18540,19726,15293,12252,11366,459,39.3355,1.0017,0.0
Qatar,438499,682,2685749,0.15553057133539644,143,QAT,Doha,Asia,2695122,2760385,2414573,1713504,645937,441675,277450,118007,11586,232.6189,1.0026,0.03
Saudi Arabia,814829,9322,10969797,1.144043719602518,41,SAU,Riyadh,Asia,36408820,35997107,32749848,29411929,21547390,16004763,10171710,6106191,2149690,16.9368,1.0128,0.46
Sudan,76591,4961,6651268,6.477262341528378,32,SDN,Khartoum,Africa,46874204,44440486,38171178,33739933,26298773,21090886,16673586,11305206,1886068,24.8529,1.0267,0.59
San Marino,20552,118,26322,0.5741533670688984,218,SMR,San Marino,Europe,33660,34007,33570,31608,26823,23132,21346,18169,61,551.8033,0.9975,0.0
Turkmenistan,0,0,2937760,0.0,111,TKM,Ashgabat,Asia,6430770,6250438,5766431,5267970,4569132,3720278,2862903,2201432,488100,13.1751,1.014,0.08
Samoa,15889,29,222996,0.18251620618037637,188,WSM,Apia,Oceania,222382,214929,203571,194672,184008,168186,164905,142771,2842,78.2484,1.0165,0.0
Antigua and Barbuda,9008,145,64091,1.6096802841918294,201,ATG,Saint John’s,North America,93763,92664,89941,85695,75055,63328,64888,64516,442,212.1335,1.0058,0.0
Bangladesh,2559498,29337,131389148,1.1462013254161558,8,BGD,Dhaka,Asia,171186372,167420951,157830000,148391139,129193327,107147651,83929765,67541860,147570,1160.035,1.0108,2.15
Bulgaria,1250250,37663,2099212,3.0124375124975007,108,BGR,Sofia,Europe,6781953,6979175,7309253,7592273,8097691,8767778,8980606,8582950,110879,61.1654,0.9849,0.09
Benin,27638,163,3671646,0.5897677111223677,77,BEN,Porto-Novo,Africa,13352864,12643123,10932783,9445710,6998023,5133419,3833939,3023443,112622,118.5635,1.0274,0.17
Belarus,994037,7118,6498901,0.7160699249625517,96,BLR,Minsk,Europe,9534954,9633740,9700609,9731427,10256483,10428525,9817257,9170786,207600,45.9295,0.9955,0.12
Canada,7914343,167195,93796514,2.1125569109147784,39,CAN,Ottawa,North America,38454327,37888705,35732126,33963412,30683313,27657204,24511510,21434577,9984670,3.8513,1.0078,0.48
Switzerland,8109161,27100,12078678,0.3341899365421404,101,CHE,Bern,Europe,8740472,8638613,8281732,7822435,7182059,6711693,6319113,6181227,41284,211.7157,1.0056,0.11
Cuba,1110948,8530,10631102,0.7678127149065482,85,CUB,Havana,North America,11212191,11300698,11339894,11290417,11105791,10626680,9809107,8869636,109884,102.0366,0.9961,0.14
Egypt,515348,24796,52691386,4.8115060114718595,14,EGY,Cairo,Africa,110990103,107465134,97723799,87252413,71371371,57214630,43748556,34781986,1002450,110.7188,1.0158,1.39
Guernsey,30992,62,47995,0.20005162622612288,207,GGY,Saint Peter Port,Europe,63301,62794,61629,60782,59114,57727,52860,52656,78,811.5513,1.0037,0.0
Equatorial Guinea,16894,183,264344,1.0832248135432698,152,GNQ,Malabo,Africa,1674908,1596049,1346973,1094524,684977,465549,282509,316955,28051,59.7094,1.0247,0.02
Guinea-Bissau,8796,175,587187,1.9895407003183265,149,GNB,Bissau,Africa,2105566,2015828,1788919,1567220,1230849,973551,831462,591663,36125,58.2856,1.0218,0.03
Italy,63645029,352921,96840043,0.5545146345993495,25,ITA,Rome,Europe,59037474,59500579,60232906,59822450,56966397,56756561,56329482,53324036,301336,195.9191,0.9966,0.74
Kyrgyzstan,205920,2991,1594808,1.4525058275058276,110,KGZ,Bishkek,Asia,6630623,6424874,5914980,5483774,4935182,4394734,3691209,3016384,199951,33.1612,1.0158,0.08
South Korea,24284819,27929,45070438,0.1150060043684081,29,KOR,Seoul,Asia,51815810,51844690,50994401,48813042,46788591,44120039,38170501,32601143,100210,517.0722,0.9997,0.65
Kazakhstan,1482094,19047,10829480,1.2851411583880645,66,KAZ,Nursultan,Asia,19397998,18979243,17835909,16627837,15236253,16866563,14172710,12265305,2724900,7.1188,1.0105,0.24
Mali,32385,739,2203178,2.2819206422726572,59,MLI,Bamako,Africa,22593590,21224040,18112907,15529181,11239101,8945026,7372581,6153587,1240192,18.2178,1.0314,0.28
Namibia,166645,4077,586652,2.446518047346155,145,NAM,Windhoek,Africa,2567012,2489098,2282704,2099271,1819141,1369011,975994,754467,825615,3.1092,1.0146,0.03
Nepal,999121,12015,26605011,1.20255704764488,49,NPL,Kathmandu,Asia,30547580,29348627,27610325,27161567,24559500,19616530,15600442,12501285,147181,207.5511,1.0171,0.38
Niue,78,0,1650,0.0,232,NIU,Alofi,Oceania,1934,1942,1847,1812,2074,2533,3637,5185,260,7.4385,0.9985,0.0
Serbia,2324719,16846,3347075,0.7246467207434533,105,SRB,Belgrade,Europe,7221365,7358005,7519496,7653748,7935022,7987529,7777010,7193533,88361,81.7257,0.9897,0.09
Slovenia,1146874,7234,1465398,0.6307580431677761,148,SVN,Ljubljana,Europe,2119844,2117641,2080862,2057286,1984339,1986024,1901570,1741286,20273,104.5649,1.0002,0.03
Chad,7558,193,3733869,2.5535856046573167,69,TCD,N'Djamena,Africa,17723315,16644701,14140274,11894727,8259137,5827069,4408230,3667394,1284000,13.8032,1.0316,0.22
Tokelau,0,0,1339,0.0,233,TKL,Nukunonu,Oceania,1871,1827,1454,1367,1666,1669,1647,1714,12,155.9167,1.0119,0.0
Turkey,16852382,101068,54854453,0.5997253088613823,18,TUR,Ankara,Asia,85341241,84135428,79646178,73195345,64113547,54324142,44089069,35540990,783562,108.9145,1.0067,1.07
Tanzania,39253,845,19658725,2.1527017043283316,22,TZA,Dodoma,Africa,65497748,61704518,52542823,45110527,34463704,26206012,19297659,13618192,945087,69.3034,1.03,0.82
Uzbekistan,244006,1637,21051293,0.6708851421686352,43,UZB,Tashkent,Asia,34627652,33526656,30949417,28614227,24925554,20579100,15947129,12011361,447400,77.3975,1.016,0.43
Colombia,17784672,476778,41884807,2.68083662155816,28,COL,Bogota,South America,51874024,50930662,47119728,44816108,39215135,32601393,26176195,20905254,1141748,45.4339,1.0069,0.65
Cyprus,579899,1173,665446,0.20227660333954706,158,CYP,Nicosia,Europe,1251488,1237537,1187280,1129686,948237,788500,679327,640804,9251,135.2814,1.0059,0.02
Denmark,3283706,6987,4816889,0.2127778796274697,115,DNK,Copenhagen,Europe,5882261,5825641,5677796,5550849,5340655,5144623,5125392,4922963,43094,136.4984,1.0048,0.07
Grenada,19473,236,44019,1.2119344733733888,193,GRD,Saint George's,North America,125438,123663,118980,114039,107432,99047,94838,98794,344,364.6453,1.0066,0.0
Greenland,11971,21,38659,0.1754239411912121,208,GRL,Nuuk,North America,56466,56026,55895,56351,56184,55599,50106,45434,2166086,0.0261,1.004,0.0
Croatia,1222007,16817,2309901,1.376178696194048,130,HRV,Zagreb,Europe,4030358,4096868,4254815,4368682,4548434,4873707,4680144,4492638,56594,71.2153,0.9927,0.05
Israel,12717008,19625,18210008,0.15432089057426088,98,ISR,Jerusalem,Asia,9038309,8757489,8007778,7328445,6116958,4803254,3744608,2907307,20770,435.1617,1.0155,0.11
Isle of Man,38008,116,65663,0.3051989054935803,202,IMN,Douglas,Europe,84519,84046,83593,83828,75562,68865,64022,55298,572,147.7605,1.003,0.0
Iran,7540962,144243,64978822,1.9127930892636775,17,IRN,Tehran,Asia,88550570,87290193,81790841,75373855,65544383,55793629,38520664,28449705,1648195,53.7258,1.0071,1.11
Kuwait,657745,2563,3306742,0.3896646876829166,129,KWT,Kuwait City,Asia,4268873,4360444,3908743,2943356,1934901,1674938,1493870,802786,17818,239.5821,1.0044,0.05
Liechtenstein,19356,85,26497,0.4391403182475718,216,LIE,Vaduz,Europe,39327,38756,37355,35926,33026,28765,25003,21089,160,245.7937,1.0074,0.0
Latvia,912002,5965,1346183,0.6540555832114403,151,LVA,Riga,Europe,1850651,1897052,1991955,2101530,2392530,2689391,2572037,2397414,64559,28.666,0.9876,0.02
Libya,530589,6685,2303655,1.259920578828434,107,LBY,Tripoli,Africa,6812341,6653942,6192235,6491988,5154790,4236983,2962720,1909177,1759540,3.8717,1.0114,0.09
Mauritania,62778,993,2005049,1.5817643123387173,126,MRT,Nouakchott,Africa,4736139,4498604,3946220,3419461,2695003,2006027,1506694,1122198,1030700,4.5951,1.0263,0.06
Malawi,87842,2675,3036122,3.0452403178434007,62,MWI,Lilongwe,Africa,20405317,19377061,16938942,14718422,11229387,9539665,6267369,4625141,118484,172.22,1.0259,0.26
Niger,9388,312,3740079,3.323391563698338,54,NER,Niamey,Africa,26207977,24333639,20128124,16647543,11622665,8370647,6173177,4669708,1267000,20.6851,1.0378,0.33
Oman,397993,4628,3269526,1.1628345222152148,127,OMN,Muscat,Asia,4576298,4543399,4191776,2881914,2344253,1804524,1017462,670693,309500,14.7861,1.0123,0.06
Poland,14895685,321210,66744509,2.1563962986596454,37,POL,Warsaw,Europe,39857145,38428366,38553146,38597353,38504431,38064255,35521429,32482943,312679,127.4698,1.0404,0.5
Palestine,702768,5707,0,0.8120745395350956,122,PSE,Ramallah,Asia,5250072,5019401,4484614,3992278,3139954,2124609,1453620,1118241,6220,844.063,1.0227,0.07
Portugal,5495738,26581,9746410,0.48366570604348313,92,PRT,Lisbon,Europe,10270865,10298192,10365435,10588401,10300626,10007346,9785252,8683631,92090,111.5307,0.9981,0.13
El Salvador,201785,4228,4630037,2.095299452387442,112,SLV,San Salvador,North America,6336392,6292731,6231066,6114034,5958482,5367179,4508992,3619090,21041,301.145,1.0035,0.08
Syria,57197,3163,2940095,5.530010315226323,60,SYR,Damascus,Asia,22125249,20772595,19205178,22337563,16307654,12408996,8898954,6319199,185180,119.4797,1.0376,0.28
Uganda,169001,3628,18386089,2.1467328595688784,31,UGA,Kampala,Africa,47249585,44404611,37477356,32341728,24020697,17586630,13284026,10317212,241550,195.61,1.0304,0.59
Czech Republic,12154031,122796,13947454,1.0103314694523982,88,CZE,Prague,Europe,10493986,10530953,10523798,10464749,10234710,10301192,10270060,9795744,78865,133.0627,0.9984,0.13
Hong Kong,15441,216,6837449,1.3988731299786283,104,HKG,Hong Kong,Asia,7488865,7500958,7399838,7132438,6731195,5838574,4978544,3955072,1104,6783.3922,0.9992,0.09
New Zealand,1746283,2955,4297219,0.16921655882809372,123,NZL,Wellington,Oceania,5185288,5061133,4590590,4346338,3855266,3397389,3147168,2824061,270467,19.1716,1.0108,0.07
Aruba,42970,228,74151,0.5306027461019316,198,ABW,Oranjestad,North America,106445,106585,104257,100341,89101,65712,62267,59106,180,591.3611,0.9991,0.0
Burkina Faso,21128,387,2676883,1.8316925407042788,58,BFA,Ouagadougou,Africa,22673762,21522626,18718019,16116845,11882888,9131361,6932967,5611666,272967,83.0641,1.0259,0.28
Bhutan,61419,21,695693,0.03419137400478679,165,BTN,Thimphu,Asia,782455,772506,743274,705516,587207,558442,415257,298894,38394,20.3796,1.0064,0.01
Iceland,205284,213,304895,0.10375869527094173,179,ISL,Reykjavík,Europe,372899,366669,331060,318333,281462,255019,228263,204468,103000,3.6204,1.0069,0.0
Kiribati,3430,13,82774,0.37900874635568516,192,KIR,Tarawa,Oceania,131232,126463,116707,107995,88826,75124,60813,57437,811,161.815,1.0183,0.0
Cayman Islands,30545,31,61663,0.10148960550008185,205,CYM,George Town,North America,68706,67311,60911,54074,39658,26027,17100,10533,264,260.25,1.0084,0.0
Madagascar,66652,1410,1521766,2.1154654023885255,50,MDG,Antananarivo,Africa,29611714,28225177,24850912,21731053,16216431,11882762,8948162,6639751,587041,50.4423,1.0241,0.37
New Caledonia,74222,314,190408,0.423055158847781,185,NCL,Nouméa,Oceania,289950,286403,283032,261426,221537,177264,148599,110982,18575,15.6097,1.0075,0.0
French Polynesia,76578,649,186219,0.847501893494215,183,PYF,Papeete,Oceania,306279,301920,291787,283788,250927,211089,163591,117891,4167,73.5011,1.0074,0.0
Russia,32627601,706791,84004373,2.1662364940652545,9,RUS,Moscow,Europe,144713314,145617329,144668389,143242599,146844839,148005704,138257420,130093010,17098242,8.4636,0.9973,1.81
Sierra Leone,13087,219,2904587,1.6734163673874838,102,SLE,Freetown,Africa,8605718,8233969,7314773,6436698,4584067,4325388,3367477,2778557,71740,119.957,1.022,0.11
Venezuela,935540,5809,22157232,0.6209248134767087,51,VEN,Caracas,South America,28301696,28490453,30529716,28715022,24427729,19750579,15210443,11355475,916445,30.882,1.0036,0.35
Vanuatu,11921,14,143339,0.11743981209630065,181,VUT,Port-Vila,Oceania,326740,311685,276438,245453,192074,150882,118156,87019,12189,26.8061,1.0238,0.0
Wallis and Futuna,761,7,5197,0.9198423127463863,226,WLF,Mata-Utu,Oceania,11572,11655,12182,13142,14723,13454,11315,9377,142,81.493,0.9953,0.0
Taiwan,10061168,10423,21634247,0.10359632201748346,57,TWN,Taipei,Asia,23893394,23821464,23512136,23083083,22194731,20586174,18100281,14957870,36193,660.1662,1.0014,0.3
United Arab Emirates,1021191,2342,9154521,0.22934005489668435,97,ARE,Abu Dhabi,Asia,9441129,9287289,8916899,8481771,3275333,1900151,1014048,298084,83600,112.9322,1.0081,0.12
Anguilla,3856,12,10846,0.3112033195020747,224,AIA,The Valley,North America,15857,15585,14525,13172,11047,8316,6560,6283,91,174.2527,1.0066,0.0
Austria,15025546,61992,13184659,0.41257735326223755,99,AUT,Vienna,Europe,8939617,8907777,8642421,8362829,8010428,7678729,7547561,7465301,83871,106.5877,1.002,0.11
Australia,20327173,28950,82763045,0.1424201978307559,55,AUS,Canberra,Oceania,26177413,25670051,23820236,22019168,19017963,17048003,14706322,12595034,7692024,3.4032,1.0099,0.33
Burundi,49882,15,18764,0.030070967483260495,78,BDI,Bujumbura,Africa,12889576,12220227,10727148,9126605,6307659,5483793,4312834,3497834,27834,463.0874,1.027,0.16
Botswana,326107,2779,1502742,0.8521742863538655,144,BWA,Gaborone,Africa,2630296,2546402,2305171,2091664,1726985,1341474,938578,592244,582000,4.5194,1.0162,0.03
Cook Islands,6389,1,10670,0.015651901706057285,223,COK,Avarua,Oceania,17011,17029,17695,17212,15897,17123,17651,20470,236,72.0805,1.0005,0.0
Algeria,270570,6879,7840131,2.5424104667923273,34,DZA,Algiers,Africa,44903225,43451666,39543154,35856344,30774621,25518074,18739378,13795915,2381741,18.8531,1.0164,0.56
Fiji,68207,878,709581,1.287257906080021,162,FJI,Suva,Oceania,929766,920422,917200,905169,832509,780430,644582,527634,18272,50.8847,1.0056,0.01
Haiti,56492,1505,358867,2.664094031013241,82,HTI,Port-au-Prince,North America,11584996,11306801,10563757,9842880,8360225,6925331,5646676,4680812,27750,417.4773,1.012,0.15
Comoros,8467,160,409815,1.8896893823077832,163,COM,Moroni,Africa,836774,806166,730216,656024,536758,431119,328328,242351,1862,449.3953,1.0184,0.01
Laos,215157,757,5847917,0.3518361010796767,103,LAO,Vientiane,Asia,7529475,7319399,6787419,6323418,5430853,4314443,3297519,2675283,236800,31.7968,1.0141,0.09
Liberia,7929,294,3467301,3.70790768066591,121,LBR,Monrovia,Africa,5302681,5087584,4612329,4019956,2895224,2209731,1932169,1463563,111369,47.6136,1.021,0.07
Lithuania,1232367,9301,1952481,0.7547264735261493,141,LTU,Vilnius,Europe,2750055,2820267,2963765,3139019,3599637,3785847,3521206,3210147,65300,42.1142,0.9869,0.03
Moldova,583183,11808,1079437,2.024750378526123,135,MDA,Chisinau,Europe,3272996,3084847,3277388,3678186,4251573,4480199,4103240,3711140,33846,96.7026,1.0691,0.04
Singapore,1867168,1604,5024254,0.08590549966580405,113,SGP,Singapore,Asia,5975689,5909869,5650018,5163590,4053602,3022209,2400729,2061831,710,8416.4634,1.0058,0.07
Senegal,88230,1968,1473795,2.2305338320299217,72,SEN,Dakar,Africa,17316449,16436119,14356181,12530121,9704287,7536001,5703869,4367744,196722,88.025,1.0261,0.22
South Africa,11020928,249432,22293695,2.2632576857411646,24,ZAF,Pretoria,Africa,59893885,58801927,55876504,51784921,46813266,39877570,29463549,22368306,1221037,49.0517,1.0084,0.75
Zambia,333229,4017,7540676,1.205477314399407,63,ZMB,Lusaka,Africa,20017675,18927715,16248230,13792086,9891136,7686401,5720438,4281671,752612,26.5976,1.028,0.25
Brazil,109948210,2220286,362612803,2.0193925849270307,7,BRA,Brasilia,South America,215313498,213196304,205188205,196353492,175873720,150706446,122288383,96369875,8515767,25.2841,1.0046,2.7
Spain,31279968,217985,1141160473,0.6968837052518724,30,ESP,Madrid,Europe,47558630,47363807,46431342,46572772,40741651,38889889,37491666,33792617,505992,93.9909,1.0015,0.6
Angola,103131,1917,14220830,1.8588009424906187,42,AGO,Luanda,Africa,35588987,33428485,28127721,23364185,16394062,11828638,8330047,6029700,1246700,28.5466,1.0315,0.45
Bolivia,1106538,22218,12401608,2.007884049169572,80,BOL,Sucre,South America,12224110,11936162,11090085,10223270,8592656,7096194,5736088,4585693,1098581,11.1272,1.012,0.15
Cameroon,121652,1935,1569870,1.5906027027915695,53,CMR,Yaounde,Africa,27914536,26491087,23012646,19878036,15091594,11430520,8519891,6452787,475442,58.7128,1.0263,0.35
Greece,4838811,32894,7926591,0.6797950984239723,90,GRC,Athens,Europe,10384971,10512232,10806641,11033783,11038109,10302255,9307148,8544873,131990,78.68,0.9942,0.13
Honduras,455669,10989,6321966,2.411618960254044,89,HND,Tegucigalpa,North America,10432860,10121763,9294505,8450933,6656725,5053234,3777990,2782753,112492,92.7431,1.015,0.13
Hungary,2070443,47409,6287618,2.2897998157882156,94,HUN,Budapest,Europe,9967308,9750573,9844246,9986825,10202055,10375989,10698679,10315366,93028,107.1431,1.0265,0.12
Japan,39621765,85733,104181296,0.2163785485073671,11,JPN,Tokyo,Asia,123951692,125244761,127250933,128105431,126803861,123686321,117624196,105416839,377930,327.9753,0.9947,1.55
Kenya,399811,5675,13460152,1.4194206762695374,27,KEN,Nairobi,Africa,54027487,51985780,46851488,41517895,30851606,23162269,16187124,11473087,580367,93.0919,1.0193,0.68
Montenegro,277805,2778,292783,0.9999820017638271,169,MNE,Podgorica,Europe,627082,629048,633966,631044,633324,621442,589324,530268,13812,45.4012,0.9988,0.01
Myanmar,617739,19444,34777314,3.147607646595083,26,MMR,Nay Pyi Taw,Asia,54179306,53423198,51483949,49390988,45538332,40099553,33465781,27284112,676578,80.0784,1.0071,0.68
Macau,783,6,583291,0.7662835249042146,167,MAC,Concelho de Macau,Asia,695168,676283,615239,557297,431896,350227,245332,247284,30,23172.2667,1.0125,0.01
Norway,2898659,4038,4345038,0.13930579623198175,120,NOR,Oslo,Europe,5434319,5379839,5190356,4889741,4491202,4241636,4085776,3875546,323802,16.7828,1.0058,0.07
South Sudan,17780,138,1849007,0.7761529808773904,86,SSD,Juba,Africa,10913164,10606227,11194299,9714419,6114440,4750817,4192011,3342410,619745,17.6091,1.0153,0.14
Tajikistan,17786,125,5213634,0.7027999550208028,95,TJK,Dushanbe,Asia,9952787,9543207,8524063,7621779,6272998,5417860,4045965,2993019,143100,69.5513,1.0208,0.12
Tonga,16182,12,88432,0.07415647015202076,197,TON,Nuku‘alofa,Oceania,106858,105254,106122,107383,102603,98727,96708,86484,747,143.0495,1.0079,0.0
Tuvalu,20,0,7052,0.0,227,TUV,Funafuti,Oceania,11312,11069,10877,10550,9638,9182,7731,5814,26,435.0769,1.0096,0.0
Yemen,11932,2155,711874,18.06067717063359,46,YEM,Sanaa,Asia,33696614,32284046,28516545,24743946,18628700,13375121,9204938,6843607,527968,63.8232,1.0217,0.42
Estonia,1187216,2661,866338,0.22413781485424725,156,EST,Tallinn,Europe,1326062,1329444,1314657,1331535,1396877,1570674,1476983,1361999,45227,29.3201,0.998,0.02
Malaysia,9626305,72598,55760136,0.7541626823583919,45,MYS,Kuala Lumpur,Asia,33938221,33199993,31068833,28717731,22945150,17517054,13215707,10306508,330803,102.5934,1.0109,0.43
Peru,10651933,625820,29837772,5.875177772898121,44,PER,Lima,South America,34049588,33304756,30711863,29229572,26654439,22109099,17492406,13562371,1285216,26.4933,1.0099,0.43
Philippines,7926165,129872,77253008,1.6385225389579954,13,PHL,Manila,Asia,115559009,112190977,103031365,94636700,77958223,61558898,48419546,37435586,342353,337.5434,1.0147,1.45
Romania,5905216,65122,8180548,1.1027877727080602,64,ROU,Bucharest,Europe,19659267,19442038,19906079,20335211,21919876,22836234,22125224,19922618,238391,82.4665,1.0171,0.25
Afghanistan,352280,14432,10827184,4.096741228568185,36,AFG,Kabul,Asia,41128771,38972230,33753499,28189672,19542982,10694796,12486631,10752971,652230,63.0587,1.0257,0.52
Bosnia and Herzegovina,397602,16104,943394,4.0502814372161104,137,BIH,Sarajevo,Europe,3233526,3318407,3524324,3811088,4179350,4494310,4199820,3815561,51209,63.1437,0.9886,0.04
Chile,13636490,194597,18064495,1.427031442841963,65,CHL,Santiago,South America,19603733,19300315,17870124,17004162,15351799,13342868,11469828,9820481,756102,25.9274,1.0057,0.25
Ethiopia,493367,7572,42681242,1.5347601278561396,12,ETH,Addis Ababa,Africa,123379924,117190911,102471895,89237791,67031867,47878073,34945469,28308246,1104300,111.7268,1.0257,1.55
Guyana,71209,1279,485891,1.7961212768048982,164,GUY,Georgetown,South America,808726,797202,755031,747932,759051,747116,778176,705261,214969,3.7621,1.0052,0.01
Iraq,2458509,25348,11110310,1.0310314096877415,35,IRQ,Baghdad,Asia,44496122,42556984,37757813,31264875,24628858,17658381,13653369,9811347,438317,101.5158,1.0221,0.56
Jersey,59270,137,43816,0.23114560485911928,195,JEY,Saint Helier,Europe,110778,108319,100561,96151,86192,82874,75124,68347,116,954.9828,1.0106,0.0
Saint Kitts and Nevis,6536,46,33794,0.7037943696450428,211,KNA,Basseterre,North America,47657,47642,47790,47403,45461,40636,43097,44968,261,182.5939,1.0011,0.0
Lesotho,34287,704,924248,2.0532563362207252,147,LSO,Maseru,Africa,2305825,2254100,2118521,2022747,1998630,1798997,1407672,1023481,30355,75.962,1.0107,0.03
Luxembourg,288527,1126,481657,0.3902581040942442,168,LUX,Luxembourg,Europe,647599,630399,569408,507070,435628,381267,363741,339342,2586,250.425,1.0129,0.01
Mongolia,981618,2130,2269853,0.21698868602653987,134,MNG,Ulaanbaatar,Asia,3398366,3294335,2964749,2702520,2450979,2161433,1697780,1293880,1564110,2.1727,1.0151,0.04
Malta,114348,803,466098,0.7022422779585126,173,MLT,Valletta,Europe,533286,515357,456579,418755,399212,365392,333587,315414,316,1687.6139,1.0124,0.01
Nicaragua,14990,244,6051704,1.6277518345563708,106,NIC,Managua,North America,6948392,6755895,6298598,5855734,5123222,4227820,3303309,2444767,130373,53.2962,1.0143,0.09
Nauru,4610,1,10493,0.021691973969631236,225,NRU,Yaren,Oceania,12668,12315,11185,10241,10377,9598,7635,6663,21,603.2381,1.0125,0.0
Sweden,5157043,40106,15675064,0.7776937287511467,87,SWE,Stockholm,Europe,10549347,10368969,9849349,9381729,8871043,8548406,8311763,8027702,450295,23.4276,1.0079,0.13
Trinidad and Tobago,181567,4176,753441,2.299977418804078,153,TTO,Port-of-Spain,North America,1531044,1518147,1460177,1410296,1332203,1266518,1127852,988890,5130,298.4491,1.0035,0.02
Argentina,27450377,379720,52967364,1.3832961201225031,33,ARG,Buenos Aires,South America,45510318,45036032,43257065,41100123,37070774,32637657,28024803,23842803,2780400,16.3683,1.0052,0.57
India,126463452,1501682,1755475513,1.1874434678566264,2,IND,New Delhi,Asia,1417173173,1396387127,1322866505,1240613620,1059633675,870452165,696828385,557501301,3287590,431.0675,1.0068,17.77
Barbados,101979,558,158986,0.5471714764804518,186,BRB,Bridgetown,North America,281635,280693,278083,274711,264657,258868,253575,241397,430,654.9651,1.0015,0.0
Cape Verde,62346,410,356355,0.657620376607962,171,CPV,Praia,Africa,593149,582640,552166,521212,458251,364563,317234,287262,4033,147.0739,1.0089,0.01
Djibouti,15690,189,215597,1.2045889101338432,160,DJI,Djibouti,Africa,1120849,1090156,1006259,919199,742033,577173,324121,144379,23200,48.3125,1.0138,0.01
Dominican Republic,641677,4384,7276353,0.6832097768815152,84,DOM,Santo Domingo,North America,11228821,10999664,10405832,9775755,8540791,7129004,5755800,4475871,48671,230.7087,1.01,0.14
United Kingdom,93262911,563933,136505229,0.6046701673294328,21,GBR,London,Europe,67508936,67059474,65224364,62760039,58850043,57210442,56326328,55650166,242900,277.9289,1.0034,0.85
Indonesia,14524997,364925,203882351,2.5123929457610217,4,IDN,Jakarta,Asia,275501339,271857970,259091970,244016173,214072421,182159874,148177096,115228394,1904569,144.6529,1.0064,3.45
Mozambique,454886,4411,13456303,0.9696935056255853,48,MOZ,Maputo,Africa,32969517,31178239,26843246,23073723,17768505,13303459,11413587,8411676,801590,41.1302,1.0278,0.41
Netherlands,48677313,133015,12740770,0.2732587149993263,71,NLD,Amsterdam,Europe,17564014,17434557,17041107,16617116,15899135,14944548,14130387,13037686,41850,419.6897,1.0036,0.22
Panama,984234,8487,3497920,0.8622949420564622,128,PAN,Panama City,North America,4408581,4294396,3957099,3623617,3001731,2449968,1956987,1516188,75417,58.4561,1.0132,0.06
Paraguay,715806,19530,3986765,2.728392888575955,109,PRY,Asunción,South America,6780744,6618695,6177950,5768613,5123819,4059195,3078912,2408787,406752,16.6705,1.0115,0.09
Rwanda,132474,1466,10940142,1.106632244817851,76,RWA,Kigali,Africa,13776698,13146362,11642959,10309031,8109989,7319962,5247532,3896367,26338,523.0731,1.0234,0.17
Slovakia,1838393,20426,5586740,1.111079078303714,116,SVK,Bratislava,Europe,5643453,5456681,5424444,5396424,5376690,5261305,4973883,4522867,49037,115.0856,1.0359,0.07
Sint Maarten,10855,87,13824,0.8014739751266697,214,SXM,Philipsburg,North America,44175,43621,40205,33034,30489,27845,12243,6260,34,1299.2647,1.003,0.0
Ukraine,10333691,223145,15774141,2.1593929990745804,38,UKR,Kiev,Europe,39701739,43909666,44982564,45683020,48879755,51589817,49973920,47279086,603500,65.7858,0.912,0.5
Uruguay,982846,7462,3000641,0.7592237237573333,133,URY,Montevideo,South America,3422794,3429086,3402818,3352651,3292224,3117012,2953750,2790265,181034,18.9069,0.999,0.04
Saint Vincent and the Grenadines,9446,116,28199,1.2280330298539064,199,VCT,Kingstown,North America,103948,104632,106482,109308,113813,112487,107480,98459,389,267.2185,0.9963,0.0
Vietnam,11448034,43132,89618505,0.3767633813805934,16,VNM,Hanoi,Asia,98186856,96648685,92191398,87411012,79001142,66912613,52968270,41928849,331212,296.4472,1.0074,1.23
Finland,1430775,5858,4521522,0.4094284566056857,118,FIN,Helsinki,Europe,5540745,5529468,5479461,5363271,5176209,4986545,4779418,4606621,338424,16.3722,1.0009,0.07
Mexico,12986669,375972,96369318,2.8950610814828655,10,MEX,Mexico City,North America,127504125,125998302,120149897,112532401,97873442,81720428,67705186,50289306,1964375,64.9082,1.0063,1.6
Albania,330149,3586,1335654,1.086176241636352,138,ALB,Tirana,Europe,2842321,2866849,2882481,2913399,3182021,3295066,2941651,2324731,28748,98.8702,0.9957,0.04
Belgium,8947328,32605,9541981,0.3644104698072989,81,BEL,Brussels,Europe,11655930,11561717,11248303,10877947,10264343,9959560,9828986,9629376,30528,381.8111,1.0038,0.15
Bermuda,18019,148,48554,0.8213552361396304,206,BMU,Hamilton,North America,64184,64031,63144,63447,61371,57470,53565,52019,54,1188.5926,1.0,0.0
Falkland Islands,1886,0,2632,0.0,231,FLK,Stanley,South America,3780,3747,3408,3187,3080,2332,2240,2274,12173,0.3105,1.0043,0.0
Gambia,12415,372,452514,2.996375352396295,142,GMB,Banjul,Africa,2705992,2573995,2253133,1937275,1437539,1040616,718586,528731,10689,253.1567,1.025,0.03
Guatemala,1112550,19684,8735448,1.769268796908004,68,GTM,Guatemala City,North America,17843908,17362718,16001107,14543121,11735894,9084780,6987767,5453208,108889,163.8725,1.0134,0.22
Cambodia,137739,3056,15172499,2.21868896971809,73,KHM,Phnom Penh,Asia,16767842,16396860,15417523,14363532,12118841,8910808,6198959,6708525,181035,92.6221,1.0108,0.21
Sri Lanka,670519,16737,17114619,2.496126135128162,61,LKA,Colombo,Asia,21832143,21715079,21336697,20668557,18776371,17204094,14943645,12388769,65610,332.7563,1.0027,0.27
Marshall Islands,15180,17,40406,0.11198945981554677,215,MHL,Majuro,Oceania,41569,43413,49410,53416,54224,46047,31988,23969,181,229.663,0.9886,0.0
Maldives,184966,308,398203,0.16651708962728284,174,MDV,Malé,Asia,523787,514438,435582,361575,282507,224957,164887,123243,300,1745.9567,1.0045,0.01
Pakistan,1588301,30349,139267049,1.9107839131247792,5,PAK,Islamabad,Asia,235824862,227196741,210969298,194454498,154369924,115414069,80624057,59290872,881912,267.4018,1.0191,2.96
Solomon Islands,21544,153,304590,0.7101745265503157,166,SLB,Honiara,Oceania,724273,691191,612660,540394,429978,324171,233668,172833,28896,25.0648,1.0232,0.01
Togo,38678,284,2159001,0.7342675422720927,100,TGO,Lomé,Africa,8848699,8442580,7473229,6571855,5008035,3875947,2838110,2197383,56785,155.8281,1.0236,0.11
British Virgin Islands,7305,64,8187,0.8761122518822724,221,VGB,Road Town,North America,31305,30910,29366,27556,20104,15617,11109,9581,151,207.3179,1.0059,0.0
Zimbabwe,256939,5596,6416575,2.1779488516729653,74,ZWE,Harare,Africa,16320537,15669666,14154937,12839771,11834676,10113893,7049926,5202918,390757,41.7665,1.0204,0.2
